jp_title,title,url
ã€4Kã€‘å¤œã®æ±æ–°å®¿ã®ãƒ“ãƒ‡ã‚ªæ•£æ­©,shibuya_night,https://www.youtube.com/watch?v=6qGiXY1SB68
4K Fukuoka Tenjin Station to Hakata Station (PM),fukuoka_hakata,https://www.youtube.com/watch?v=XUu6vtBajxQ
æ˜¼é–“å›½éš›é€šã‚Šã§ã®æ²–ç¸„ã‚¦ã‚©ãƒ¼ã‚­ãƒ³ã‚°ãƒ„ã‚¢ãƒ¼å‰ç·¨,okinawa,https://www.youtube.com/watch?v=5Cu2u4nzaSw
å¤§é˜ª Night Walk JRèŒ¨æœ¨é§…å‘¨è¾º - å¤§é˜ªã®åŒ—éƒ¨ã«ä½ç½®ã™ã‚‹æ¯”è¼ƒçš„å°è¦æ¨¡ãªéƒ½å¸‚ [4K] POV,osaka_night,https://www.youtube.com/watch?v=TxZAk7coqnE
Shinbashi to Yurakucho on foot - Long Takeã€æ±äº¬ãƒ»æ–°æ©‹/æœ‰æ¥½ç”ºã€‘ 4K,shinbashi,https://www.youtube.com/watch?v=EAbIzke26Ko
å¤œã®æ–°æ©‹ã‚’æ•£ç­– - Walking around Shinbashi at night,shinbashi_night,https://www.youtube.com/watch?v=HPFdOFvFojM
Walking in the Rain Tokyo,tokyo_rain,https://www.youtube.com/watch?v=Et7O5-CzJZg
ã€4Kã€‘å¤§å®®ã®æ•£æ­©,omiya,https://www.youtube.com/watch?v=Q8QgfeliWRk
ã€4Kã€‘åƒè‘‰çœŒèˆ¹æ©‹å¸‚ã®æ•£æ­©,funabashi,https://www.youtube.com/watch?v=CdtisAKdr-I
4Kã€‘å¤œã®æ•£æ­©ãƒ»æ–°å®¿é§…ã‹ã‚‰å››è°·é§…ã¨å¸‚ãƒ¶è°·é§…ã¾ã§,shinjuku_yotsuya,https://www.youtube.com/watch?v=F2FV4NATDvE
ã€4Kã€‘å¤œã®ç§‹è‘‰åŸã®æ•£æ­©,akihabara_night,https://www.youtube.com/watch?v=2PqkuJMbHaw
Walking around Tokyo station underground mall,tokyo_station,https://www.youtube.com/watch?v=n-sVdRoBSdw
Walking around in Shinjuku Station - Tokyo - æ–°å®¿é§… - 4K Ultra HD,shinjuku_station,https://www.youtube.com/watch?v=aQj5qTFhdZ0
ã€4Kã€‘å¤œã®æœ­å¹Œã®æ•£æ­©ãƒ»ã™ã™ãã®ã‹ã‚‰æœ­å¹Œé§…ã¾ã§,sapporo_night,https://www.youtube.com/watch?v=f6E1rTfwIWc
Walking video Tanukikoji Shopping Arcade 1chome ï½ 6chome(Drugstore),sapporo_drug_store,https://www.youtube.com/watch?v=eN_Hb7H5H6k
Walking through Mitsukoshi Shopping Centre - Tokyo,mitsukoshi_shopping,https://www.youtube.com/watch?v=iPh4EqoWjnk
Walking around Shinjuku underground mall,shinjuku_underground_mall,https://www.youtube.com/watch?v=3KAcFzu11eo
Walking around Ginza underground passage,ginza_underground,https://www.youtube.com/watch?v=0YYZn1eH3-o
Walking around Tenjinbashisuji Shopping Street,tenjinbashisuji_street,https://www.youtube.com/watch?v=ALoO-LkyQPQ
Walking around Umeda Kita-ku,umeda,https://www.youtube.com/watch?v=Zs2jEl2XJLM
Tokyo Otemachi Underground Walk part1,otemachi_underground,https://www.youtube.com/watch?v=T-KW_HSacBY
Tokyo Otemachi Underground Walk part2,otemachi_underground2,https://www.youtube.com/watch?v=cYmWU5kZoAQ
Walking around Keisei Tateishi,keisei_tateishi,https://www.youtube.com/watch?v=PKqWrvLyq38
Walking around Kichijoji,kichijoji_underground,https://www.youtube.com/watch?v=xiQWC5yRjjE
Tokyo Nakano Broadway - Long Take,nakano_broadway,https://www.youtube.com/watch?v=gk3Zl82ORRg
Walking around ÅŒmiya station,omiya_station,https://www.youtube.com/watch?v=5uQ4u3f5YjM
Walking around Kawagoe,kwagoe_around,https://www.youtube.com/watch?v=d0qMBRLdcVY
The Christmas lights in Shinjuku MYLORD and Southern Terrace - Long Take,shinjuku_myload_night,https://www.youtube.com/watch?v=aQX3Zm2TRYE
æ¨ªæµœã® é«˜ç´šã‚·ãƒ§ãƒƒãƒ”ãƒ³ã‚°è¡—ã€å…ƒç”º ã‚’å¤•æš®ã‚Œæ™‚ã«æ•£ç­–,yokohama_motomachi_night,https://www.youtube.com/watch?v=FRfC93U4qR8
æ¨ªæµœé§…ãƒ»åœ°ä¸‹è¡— ã‚’æ•£ç­–,yokohama_underground,https://www.youtube.com/watch?v=NJFVO6N_T4Y
Tokyo Disneyland (æ±äº¬ãƒ‡ã‚£ã‚ºãƒ‹ãƒ¼ãƒ©ãƒ³ãƒ‰) Walk-around Japan 4K (Ultra HD),tokyo_disney_land,https://www.youtube.com/watch?v=2AMw3QElqYk
Japan Walk - Maihama (èˆæµœ) - 4K,maihama,https://www.youtube.com/watch?v=vm2uA8nlJOQ
Tokyo Disney Sea walking tour æ±äº¬ãƒ‡ã‚£ã‚ºãƒ‹ãƒ¼ã‚·ãƒ¼ ä¸€å‘¨ãƒ„ã‚¢ãƒ¼,tokyo_disney_sea,https://www.youtube.com/watch?v=KmyKm_SiizM
DJI Osmo Pocket -æ¨ªæµœã¿ãªã¨ã¿ã‚‰ã„ã‚’æ•£æ­© Walk around Yokohama Minato Miraiã€4Kã€‘ã€May 2019ã€‘,minato_mirai,https://www.youtube.com/watch?v=P-sXFUndpcU
æ¨ªæµœä¸­è¯è¡—ã®å¤œéŠã³ã€œä¸­ç”ºä¸­è¯è¡— - 4K 60FPS,yokohama_chuka_night,https://www.youtube.com/watch?v=BxRYwh2p0Rw
Walking around Kawasaki,kawasaki,https://www.youtube.com/watch?v=a0T0xF3Ncj4
ã€4Kã€‘ä¸‹åŒ—æ²¢ã®æ•£æ­©ã¨åŒ—æ¾¤å…«å¹¡ç¥ç¤¾ç¥­ã‚Š,simokitazawa_night,https://www.youtube.com/watch?v=jrSHGwOvU8Y
Walking from ShijÅ Kawaramachi to Pontocho Alley in Downtown Kyoto,kyoto_night,https://www.youtube.com/watch?v=IPk_GjJK_rM
4K_äº¬éƒ½ éŒ¦å¸‚å ´ ã€œ1300å¹´ã®æ­´å²,nishiki_ichiba,https://www.youtube.com/watch?v=r7_Vgu2urJI
DJI Osmo Pocket -åšå¤šå‘¨è¾ºã‚’æ•£æ­© Walk around Hakata in Fukuoka Prefectureã€4Kã€‘ã€October 2019ã€‘,hakata_walk,https://www.youtube.com/watch?v=Iy3i_hcscDY
Kobe Motomachi ç¥æˆ¸ å…ƒç”ºã€4Kã€‘,kobe_motomachi,https://www.youtube.com/watch?v=75UsspPuqPA
[4K/Binaural Audio] Kansai Walk: Kobe Walking Tour Part 1- Hyogo Japan,kobe_walk,https://www.youtube.com/watch?v=QGn25cXyTvg
ã€4Kã€‘Walk on Tachikawa Northside(ç«‹å·åŒ—å£) at Tokyoã€2020ã€‘,tachikawa_kitaguchi,https://www.youtube.com/watch?v=nxB1AiRoIks
Walking around Omote-Sando Station-è¡¨å‚é“é§…å‘¨è¾ºã‚’æ•£æ­©-4K,omotesandou_sanpo,https://www.youtube.com/watch?v=eoPoyg5qPoA
4Kã€åŸå®¿ç«¹ä¸‹é€šã‚Šã€‘ã¶ã‚‰ã¶ã‚‰æ•£æ­© takeshitastreet harajuku tokyo,takeshitastreet,https://www.youtube.com/watch?v=obD6UAgbAUM
ã€4Kã€‘[æ±äº¬æ•£æ­©] åŸå®¿ ç«¹ä¸‹é€šã‚Š æ¸‹è°· 2020/07/18 [Tokyo Walk] Harajuku Takeshita Street and Shibuya,takeshitastreet2,https://www.youtube.com/watch?v=3P4DskVVwWg
Walking around Omotesando and Harajuku è¡¨å‚é“ã¨åŸå®¿ã‚’æ•£æ­© - 4K,omotesandou_harajuku,https://www.youtube.com/watch?v=0mUW5CS3IV0
ã€4K ãƒã‚¤ãƒ¬ã‚¾é«˜éŸ³è³ªã€‘æ±äº¬æ± è¢‹æ•£æ­©2019/7ä¹™å¥³ãƒ­ãƒ¼ãƒ‰ã‚¢ãƒ‹ãƒ¡ã‚¤ãƒˆ æ±æ€¥ãƒãƒ³ã‚ºã‚µãƒ³ã‚·ãƒ£ã‚¤ãƒ³ã‚·ãƒ†ã‚£TOKYOIKEBUKUROæ¢ç´¢å¾˜å¾Š,otome_load_ikebukuro,https://www.youtube.com/watch?v=C286IkAsokI
ã€4Kã€‘ walk at Ikebukuro west entrance # 2,ikebukuro_west,https://www.youtube.com/watch?v=90lIMmeQH6w
Walking around Ikebukuro west gate area,ikebukuro_west2,https://www.youtube.com/watch?v=Q3sluRcdrvE
Walking around Ikebukuro east area by night,ikebukuro_east,https://www.youtube.com/watch?v=WnYXB2yn8eU
Walking around Ikebukuro east area,ikebukuro_east2,https://www.youtube.com/watch?v=hS8pkxEowfg
DJI Osmo Pocket - æ±äº¬ä¸¸ã®å†…ä»²é€šã‚Šã‚’æ•£æ­© Walk along Marunouchi Naka Streetã€4Kã€‘ã€March 2019ã€‘,marunouchi,https://www.youtube.com/watch?v=SpjUDAMcEJ4
Night walk around Marunouchi-ä¸¸ã®å†…å‘¨è¾ºã®å¤œæ•£æ­©-4K,marunouchi_night,https://www.youtube.com/watch?v=_bZe1SAv7pM
Tokyo Shinjuku at rush hour é€šå‹¤æ™‚é–“å¸¯ã®æ–°å®¿ - 4K,tsukin_shinjuku,https://www.youtube.com/watch?v=VED7nFRODGM
Walking around Yurakucho,yurakucho,https://www.youtube.com/watch?v=nRerFT_RDbU
ã€Kyoto 4Kã€‘äº¬éƒ½ã®æ˜¼æ•£æ­©,kyoto_sanpo,https://www.youtube.com/watch?v=cJCzuzIysqw
Walking around Yanaka in Tokyo in the afternoon,yanaka_around,https://www.youtube.com/watch?v=mBP_mQ_qxjs
UENO PARKã€€ä¸Šé‡å…¬åœ’ (ï¼”Kï¼‰ã€€ã‚¹ã‚¿ãƒ“ãƒ©ã‚¤ã‚¶ãƒ¼æ•£æ­©ã€€ Stabilizer walk,ueno_park,https://www.youtube.com/watch?v=1TdxuWK6qmQ
[4K] UENO PARK Virtual Walk,ueno_park2,https://www.youtube.com/watch?v=UF26r49kKQI
DJI Osmo Pocket -æ–°å¤§ä¹…ä¿ã‚’æ•£æ­© Walk around Shin-Okubo ã€4Kã€‘ã€July 2019ã€‘,shin_okubo,https://www.youtube.com/watch?v=rlOi-8Z2qdE
ğŸ”´Tokyo Station walk [Station yard] / æ±äº¬é§… æ§‹å†… æ•£æ­© - 4K,tokyo_station_yard,https://www.youtube.com/watch?v=S5Lb2uUu3UY
ã€4Kæ•£æ­©å‹•ç”»ã€‘JRå“å·é§…ã€€é§…æ§‹å†…ã€€ãã‚‹ã‚Šä¸€å‘¨æ•£æ­©,sinagawa_station_sanpo,https://www.youtube.com/watch?v=1RGqGmg5vUo
ã€4Kã€æ±äº¬ã‚½ãƒ©ãƒãƒæ•£æ­©ï¼YI ACTION CAMERA:ZHIYUN SMOOTH Q,tokyo_soramachi,https://www.youtube.com/watch?v=_EqdBK4lrio
DJI Osmo Pocket -å‰ç¥¥å¯ºå—å£å‘¨è¾ºã‚’æ•£æ­© Walk around Kichijoji South area ã€4Kã€‘ã€October 2019ã€‘,kichijoji_south,https://www.youtube.com/watch?v=dcrKhAkFTQY
Tokyo : Daikanyama Walk -4K 50fps,daikanyama,https://www.youtube.com/watch?v=edihyaW2CPI
Daikanyama Walking Tour in Tokyo. Local people guide!,daikanyama_tour,https://www.youtube.com/watch?v=4CBdz4r-YBk
ã€4Kã€‘[æ±äº¬æ•£æ­©] éŠ€åº§ ä¸¸ã®å†… 2020/03/20 [Tokyo Walk] Ginza and Marunouchi,ginza_marunouchi,https://www.youtube.com/watch?v=-C1LCI58yNo
ã€Tokyo 4Kã€‘Tokyo Station, Ginza|æ±äº¬é§…ã€éŠ€åº§æ•£æ­©,tokyo_station_ginza,https://www.youtube.com/watch?v=zI38No2HWdY
